subject,idna_subject,expiration_date,epoch
admaster.com.cn,admaster.com.cn,06-jan-2022,1641427200.0
adplus.co.id,adplus.co.id,25-apr-2022,1650844800.0
ads2-adnow.com,ads2-adnow.com,03-mar-2022,1646265600.0
clubedohardware.com.br,clubedohardware.com.br,22-sep-2021,1632268800.0
gatorleads.co.uk,gatorleads.co.uk,19-nov-2021,1637280000.0
gentside.co.uk,gentside.co.uk,22-aug-2022,1661126400.0
gentside.com.br,gentside.com.br,15-jun-2022,1655251200.0
hipercontas.com.br,hipercontas.com.br,27-mar-2022,1648339200.0
hsrvt.com,hsrvt.com,03-dec-2021,1638489600.0
hub.com.pl,hub.com.pl,26-aug-2021,1629936000.0
